{
	"errorPoints": [
		[
			106.510478,
			29.624757
		],
		[
			106.514545,
			29.626998
		],
		[
			106.52644,
			29.626178
		],
		[
			106.530511,
			29.626091
		],
		[
			106.536289,
			29.630198
		],
		[
			106.538746,
			29.633834
		],
		[
			106.541586,
			29.60692
		],
		[
			106.536862,
			29.61157
		],
		[
			106.490661,
			29.622305
		],
		[
			106.485831,
			29.626582
		],
		[
			106.491328,
			29.610011
		],
		[
			106.513628,
			29.603617
		],
		[
			106.517695,
			29.605859
		],
		[
			106.50632,
			29.614225
		],
		[
			106.552446,
			29.587558
		],
		[
			106.510509,
			29.609201
		],
		[
			106.562949,
			29.639738
		],
		[
			106.572951,
			29.648182
		],
		[
			106.566075,
			29.65711
		],
		[
			106.554396,
			29.657186
		],
		[
			106.530824,
			29.657475
		],
		[
			106.524953,
			29.646293
		],
		[
			106.501406,
			29.634151
		],
		[
			106.515327,
			29.638176
		],
		[
			106.504475,
			29.631398
		]
	],
	"warnPoints": [
		[
			106.499722,
			29.619774
		],
		[
			106.519498,
			29.614812
		],
		[
			106.533814,
			29.621239
		],
		[
			106.524864,
			29.599447
		],
		[
			106.536536,
			29.606798
		],
		[
			106.495926,
			29.61248
		],
		[
			106.544555,
			29.611272
		],
		[
			106.542594,
			29.601241
		],
		[
			106.539259,
			29.591671
		],
		[
			106.521167,
			29.593366
		]
	]
}